date,AVG(Temp),AVG(Press),AVG(Cond),AVG(Salinity),AVG(DO),AVG(rawO2),AVG(OxySat),AVG(pH),AVG(Redox)
2014-01-01 00:03:00,4.00,9.62,0.040665007936508,0.030426134920635,13.65,557.83,104.25,8.13,355.70
2014-01-02 00:05:00,4.06,3.94,0.03989884375,0.029823479166667,13.61,557.27,104.09,8.11,358.53
2014-01-03 00:05:00,4.13,3.99,0.037669079545455,0.028097318181818,13.59,558.60,104.18,8.05,359.71
2014-01-04 00:14:00,4.19,3.95,0.0345822,0.025744588235294,13.58,559.55,104.23,7.97,361.71
2014-01-05 00:08:00,4.35,9.39,0.031297670050761,0.023243730964467,13.51,561.29,104.14,7.90,357.64
2014-01-06 00:05:00,4.39,9.36,0.031126030456853,0.023105116751269,13.43,559.00,103.61,7.89,358.93
2014-01-07 00:05:00,4.36,9.50,0.032435575129534,0.024089533678756,13.37,555.88,103.09,7.90,360.85
2014-01-08 00:04:00,4.33,9.51,0.035868420512821,0.026672861538462,13.39,555.78,103.14,7.96,362.31
2014-01-09 00:05:00,4.26,3.96,0.035115589473684,0.026128515789474,13.32,550.94,102.47,7.93,366.30
2014-01-10 00:05:00,4.31,3.94,0.033933666666667,0.025224666666667,13.31,551.66,102.50,7.94,364.96
2014-01-16 14:00:00,4.52,3.36,0.031323916666667,0.023233166666667,13.26,554.88,102.67,7.88,361.92
2014-01-17 01:00:00,4.47,4.12,0.032199347826087,0.02389347826087,13.18,550.36,101.93,7.89,365.39
2014-01-18 01:00:00,4.47,4.06,0.032463086956522,0.024089304347826,13.13,548.23,101.53,7.89,368.27
2014-01-19 01:00:00,4.43,4.09,0.032644,0.02423247826087,13.10,546.10,101.22,7.87,368.73
2014-01-20 01:00:00,4.32,4.21,0.033317083333333,0.024759416666667,13.20,547.53,101.71,7.91,367.77
2014-01-21 00:00:00,4.26,4.21,0.033750625,0.02509925,13.18,544.94,101.36,7.92,365.74
2014-01-22 00:00:00,4.29,4.17,0.034082833333333,0.025340541666667,13.14,544.44,101.19,7.91,366.34
2014-01-23 00:00:00,4.32,4.27,0.034139318181818,0.025359545454545,13.16,545.67,101.37,7.91,366.52
2014-01-24 00:00:00,4.29,4.31,0.034544916666667,0.025688791666667,13.23,547.87,101.84,7.93,365.30
2014-01-25 00:00:00,4.36,4.29,0.034783333333333,0.025849333333333,13.21,548.67,101.84,7.95,363.70
2014-01-26 00:00:00,4.42,4.28,0.035072333333333,0.026051166666667,13.28,553.17,102.55,7.96,364.18
2014-01-27 00:00:00,4.44,4.18,0.034906,0.025914791666667,13.37,557.44,103.29,7.98,362.83
2014-01-28 00:00:00,4.33,4.10,0.034544875,0.025679416666667,13.40,555.88,103.25,7.98,362.72
2014-01-29 00:00:00,4.22,11.81,0.034382758064516,0.02557835483871,13.40,553.57,102.94,7.98,352.18
2014-01-30 01:00:00,4.09,11.89,0.034158520325203,0.02544725203252,13.48,553.59,103.24,7.98,354.13
2014-01-31 01:00:00,4.12,3.91,0.034166347826087,0.025436304347826,13.40,550.43,102.69,8.01,360.23
2014-02-01 01:00:00,4.17,3.92,0.033879227272727,0.025218454545455,13.47,554.54,103.35,8.01,360.17
2014-02-02 01:00:00,4.03,3.99,0.0335955,0.025042136363636,13.52,553.04,103.36,8.00,359.77
2014-02-03 01:00:00,3.93,3.94,0.03366955,0.0251164,13.49,549.47,102.91,7.98,360.30
2014-02-04 01:00:00,3.79,11.82,0.033300903225806,0.024869975806452,13.55,548.65,102.96,8.00,352.16
2014-02-05 00:00:00,3.80,3.67,0.033425458333333,0.024963125,13.63,551.62,103.61,8.02,360.62
2014-02-06 00:00:00,3.86,3.67,0.033569833333333,0.025059833333333,13.63,552.72,103.69,8.01,360.72
2014-02-07 00:00:00,3.89,3.70,0.033646260869565,0.02511047826087,13.66,554.98,104.05,8.04,359.41
2014-02-08 00:00:00,3.85,3.66,0.033374958333333,0.024912291666667,13.74,557.36,104.57,8.04,359.38
2014-02-09 00:00:00,3.72,3.62,0.032717791666667,0.02444025,13.74,553.83,104.20,8.03,359.32
2014-02-10 00:00:00,3.66,11.80,0.03300718699187,0.024671276422764,13.83,556.22,104.67,8.00,351.95
2014-02-11 01:00:00,3.45,3.91,0.032809739130435,0.024572826086957,13.83,550.21,104.12,8.03,359.37
2014-02-12 01:00:00,3.37,3.94,0.032787217391304,0.024572782608696,13.86,549.29,104.12,8.01,361.37
2014-02-13 01:00:00,3.45,3.95,0.033156434782609,0.02484,13.96,555.55,105.13,8.02,360.01
2014-02-14 01:00:00,3.63,3.88,0.033563304347826,0.025109086956522,13.91,558.31,105.23,8.04,359.32
2014-02-15 01:00:00,3.78,11.80,0.033903422764228,0.025331674796748,13.86,560.62,105.23,8.03,348.17
2014-02-16 01:00:00,3.75,3.96,0.033706652173913,0.025189173913043,13.83,558.38,104.98,7.99,361.64
2014-02-17 01:00:00,3.83,11.80,0.034591112903226,0.025841129032258,13.83,560.94,105.17,7.95,355.68
2014-02-18 00:00:00,3.87,5.05,0.034306625,0.025617583333333,13.80,560.12,105.03,7.88,366.77
2014-02-19 00:00:00,3.90,4.49,0.0346435,0.025853409090909,13.83,562.45,105.40,8.00,364.83
2014-02-20 00:00:00,4.13,8.91,0.034548149019608,0.02573222745098,13.74,564.91,105.30,8.03,353.71
2014-02-21 00:13:00,4.17,8.99,0.034707421875,0.02584196875,13.73,565.64,105.35,8.00,357.77
2014-02-22 00:03:00,4.27,9.17,0.03485389893617,0.025920813829787,13.72,568.13,105.58,7.99,357.03
2014-02-23 00:02:00,4.22,4.51,0.034955548387097,0.026016010752688,13.66,563.70,104.93,7.90,366.73
2014-02-24 00:02:00,4.27,4.47,0.035540731182796,0.026445096774194,13.65,564.64,105.01,7.94,368.29
2014-02-25 00:02:00,4.35,9.44,0.035485534759358,0.026380160427807,13.67,567.81,105.35,8.02,358.99
2014-02-26 00:04:00,4.32,3.99,0.035495956989247,0.026389827956989,13.62,564.89,104.94,8.03,363.61
2014-02-27 00:05:00,4.31,4.02,0.03541525,0.02633778125,13.61,564.24,104.84,8.01,364.61
2014-02-28 00:05:00,4.34,3.95,0.035164270833333,0.026141520833333,13.68,567.94,105.47,8.04,364.07
2014-03-01 00:05:00,4.31,3.84,0.0350415,0.0260570625,13.65,565.85,105.14,8.06,363.52
2014-03-02 00:05:00,4.44,8.94,0.035062533678756,0.02603589119171,13.62,568.35,105.26,8.03,357.88
2014-03-03 00:12:00,4.43,3.88,0.0346315625,0.025716104166667,13.66,569.39,105.53,8.03,363.22
2014-03-04 00:12:00,4.41,9.03,0.034267231578947,0.025447557894737,13.62,567.57,105.17,8.03,355.85
2014-03-05 00:07:00,4.51,3.89,0.034393260416667,0.025513927083333,13.66,571.31,105.73,7.99,363.31
2014-03-06 00:07:00,4.62,3.92,0.034705623655914,0.025725107526882,13.60,571.78,105.57,7.83,367.35
2014-03-07 00:06:00,4.58,8.95,0.036349708333333,0.026959765625,13.60,571.22,105.48,7.81,366.09
2014-03-08 00:02:00,4.77,10.63,0.038777899653979,0.028718955017301,13.58,575.52,105.83,7.90,365.09
2014-03-09 00:07:00,4.66,3.74,0.038412873684211,0.028472652631579,13.52,569.50,105.07,7.84,373.40
2014-03-10 00:07:00,4.88,8.99,0.039517848958333,0.029225796875,13.55,576.99,105.90,7.87,366.85
2014-03-11 00:07:00,4.91,4.05,0.040075760416667,0.029620739583333,13.52,576.28,105.76,7.85,370.00
2014-03-12 00:07:00,4.91,8.98,0.041294808290155,0.030522601036269,13.47,574.66,105.40,7.84,365.50
2014-03-13 00:12:00,5.03,3.87,0.041316641304348,0.030488586956522,13.47,577.32,105.69,7.76,372.36
2014-03-14 00:13:00,5.79,3.87,0.039777864583333,0.02909896875,13.41,594.76,107.27,7.71,369.11
2014-03-15 00:13:00,6.50,3.88,0.038904,0.028229791666667,13.38,612.48,108.98,7.74,364.98
2014-03-16 00:13:00,6.26,3.86,0.03944746875,0.028686052083333,13.37,605.74,108.27,7.76,365.81
2014-03-17 00:13:00,6.42,8.94,0.040197671875,0.029178458333333,13.33,608.46,108.35,7.75,360.05
2014-03-18 00:12:00,7.43,3.80,0.040151666666667,0.0287985,13.26,632.08,110.56,7.63,364.17
2014-03-19 00:12:00,6.56,8.94,0.040382734375,0.029249421875,13.22,607.15,107.83,7.63,365.37
2014-03-20 00:12:00,7.57,3.77,0.041064094736842,0.029370010526316,13.26,635.62,110.91,7.59,368.89
2014-03-21 00:12:00,8.28,3.77,0.041333619565217,0.029319989130435,13.27,655.32,112.94,7.84,363.60
2014-03-22 00:12:00,8.62,3.74,0.041794666666667,0.029514,13.07,654.40,112.14,8.08,356.94
2014-03-23 00:12:00,8.46,3.79,0.042025833333333,0.029721479166667,12.95,644.20,110.69,7.90,359.82
2014-03-24 00:12:00,8.09,3.86,0.041803697916667,0.029697322916667,12.97,635.19,109.84,7.95,362.05
2014-03-25 00:12:00,7.75,3.85,0.04165740625,0.029713854166667,12.95,625.60,108.82,8.12,360.96
2014-03-26 00:13:00,7.55,3.83,0.041617729166667,0.02975228125,12.88,616.90,107.68,7.89,364.23
2014-03-27 00:13:00,7.50,3.80,0.041727391304348,0.029845945652174,12.92,617.65,107.91,7.82,365.50
2014-03-28 00:13:00,6.95,8.93,0.042264777202073,0.030421020725389,12.82,598.63,105.57,7.72,363.43
2014-03-29 00:07:00,6.65,3.86,0.041753135416667,0.030175104166667,12.76,588.14,104.36,7.74,371.56
2014-03-30 00:07:00,6.72,3.92,0.041160617021277,0.029731723404255,12.79,591.04,104.73,7.69,374.43
2014-03-31 00:08:00,6.73,8.97,0.041239103626943,0.029782481865285,12.76,590.41,104.53,7.71,370.30
2014-04-01 00:10:00,7.08,3.72,0.041466691489362,0.029814755319149,12.91,606.44,106.75,7.85,371.50
2014-04-02 00:10:00,7.17,3.68,0.04165925,0.02991590625,12.85,605.40,106.41,7.75,371.05
2014-04-03 00:10:00,7.14,3.69,0.041718875,0.0299690625,12.89,606.76,106.70,7.87,373.57
2014-04-04 00:11:00,7.11,8.36,0.041501857142857,0.029832608465608,12.89,606.37,106.63,8.02,367.21
2014-04-05 00:02:00,7.55,3.19,0.041540918181818,0.0297024,12.93,619.36,108.13,7.91,367.63
2014-04-06 00:07:00,7.88,4.10,0.041972052631579,0.029882,12.91,626.93,108.81,7.69,372.73
2014-04-07 07:01:00,8.72,9.08,0.042778157593123,0.030113280802292,12.99,654.75,111.87,7.88,361.76
2014-04-08 00:02:00,10.02,3.82,0.043428711111111,0.030114277777778,13.26,702.32,117.66,7.73,359.26
2014-04-09 00:10:00,7.72,12.92,0.043660787128713,0.031078927392739,12.72,615.11,106.88,7.10,435.96
2014-04-10 00:00:10,9.09,5.00,0.043834047193878,0.030688445153061,12.89,670.37,111.96,7.30,453.12
2014-04-11 00:14:00,9.62,3.75,0.044564776595745,0.030968127659574,12.13,691.44,106.63,7.38,415.03
2014-04-12 00:14:00,7.85,9.81,0.04311,0.030659094444444,11.58,614.93,97.59,6.98,401.17
2014-04-13 09:02:00,10.43,3.86,0.043755133333333,0.030187116666667,11.83,696.09,106.03,7.36,368.13
2014-04-14 00:02:00,9.19,9.38,0.043779968911917,0.030630212435233,11.62,652.57,101.20,7.18,367.39
2014-04-15 00:14:00,9.37,9.29,0.044364484693877,0.030931525510204,11.63,658.35,101.80,7.19,362.81
2014-04-16 00:00:00,9.62,9.60,0.04516597311828,0.031343129032258,11.54,659.45,101.57,7.16,364.06
2014-04-17 00:04:00,10.07,9.32,0.045628513368984,0.031484016042781,11.39,662.41,101.33,7.17,361.82
2014-04-18 00:04:00,10.61,9.34,0.045986443877551,0.031485698979592,11.13,659.73,100.16,7.14,362.05
2014-04-19 00:04:00,10.72,9.32,0.04637912755102,0.031670530612245,11.09,659.93,100.05,7.12,363.42
2014-04-20 00:04:00,11.59,9.33,0.047439423469388,0.031971265306122,10.75,659.19,98.78,7.15,360.28
2014-04-21 00:05:00,10.51,9.29,0.04746337244898,0.032376530612245,10.81,637.55,96.98,7.03,373.63
2014-04-22 00:04:00,11.05,9.46,0.047556432291667,0.032259052083333,10.63,639.65,96.54,7.08,372.58
2014-04-23 00:04:00,10.98,9.44,0.047326280612245,0.03215612755102,10.48,628.94,95.02,7.06,374.98
2014-04-24 00:04:00,10.81,9.44,0.047286515306122,0.032199989795918,10.41,620.78,94.02,7.04,382.13
2014-04-25 00:04:00,10.21,12.92,0.046603345132743,0.031984261061947,10.50,612.61,93.56,6.96,387.38
2014-04-26 00:09:00,11.11,9.32,0.047763132653061,0.032387096938775,10.34,624.04,94.07,7.06,385.51
2014-04-27 00:09:00,11.14,9.38,0.047812658163265,0.032402163265306,10.32,623.67,93.97,7.05,388.14
2014-04-28 00:09:00,11.17,9.36,0.047322739795918,0.032084448979592,10.24,619.87,93.34,7.03,389.99
2014-04-29 00:09:00,11.26,9.25,0.047312096938776,0.032038602040816,10.21,620.26,93.27,7.02,392.52
2014-04-30 00:09:00,11.01,9.27,0.046406525510204,0.031581076530612,10.10,607.95,91.76,6.95,400.34
2014-05-01 00:04:00,11.48,9.30,0.047347525510204,0.031979780612245,10.12,619.96,92.93,6.98,397.10
2014-05-02 00:00:00,11.14,9.28,0.046691456852792,0.031727903553299,10.09,610.51,91.96,6.94,406.78
2014-05-03 00:00:00,11.42,9.38,0.046894712820513,0.031776994871795,10.07,615.76,92.36,6.97,407.11
2014-05-04 00:01:00,11.49,9.35,0.04701681122449,0.031811918367347,10.05,616.29,92.34,6.96,413.21
2014-05-05 00:14:00,11.77,9.41,0.047839201030928,0.032186603092784,10.01,620.81,92.64,6.97,417.98
2014-05-06 00:14:00,12.09,9.29,0.048853678571429,0.032652474489796,10.03,629.58,93.53,7.01,416.34
2014-05-07 00:14:00,12.54,9.41,0.049795967479675,0.03302474796748,9.93,634.01,93.58,7.02,418.56
2014-05-08 00:12:00,11.60,9.24,0.048126856410256,0.0324158,9.83,606.30,90.66,6.92,432.80
2014-05-09 00:11:00,11.82,9.28,0.048182106598985,0.032359644670051,9.83,611.24,91.11,6.93,435.95
2014-05-10 00:11:00,13.17,9.28,0.050806807106599,0.033325502538071,9.93,649.02,95.00,7.08,423.09
2014-05-11 00:11:00,13.68,9.26,0.051883771573604,0.033732492385787,9.76,649.15,94.43,7.08,427.26
2014-05-12 00:11:00,13.48,9.26,0.051466132653061,0.03355856122449,9.64,636.66,92.85,7.05,441.88
2014-05-13 00:10:00,12.77,9.27,0.049738243523316,0.032880186528497,9.53,613.62,90.32,6.96,458.54
2014-05-14 00:09:00,12.30,9.95,0.048887577142857,0.032637668571429,9.52,602.77,89.24,6.93,479.28
2014-05-15 00:01:00,12.11,9.38,0.048261258883249,0.032351807106599,9.41,591.56,87.84,6.87,496.05
2014-05-16 00:00:00,11.99,9.32,0.048623751269036,0.03262330964467,9.34,584.45,86.91,6.89,503.59
2014-05-17 00:01:00,12.12,9.28,0.049046934010152,0.032818873096447,9.33,586.93,87.12,6.93,507.96
2014-05-18 00:01:00,11.94,11.30,0.049510321678322,0.033137034965035,9.25,578.82,86.06,6.92,503.03
2014-05-19 00:11:00,15.48,3.21,0.054076887755102,0.03440962244898,9.70,682.66,97.39,7.28,482.63
2014-05-20 00:14:00,15.37,4.11,0.054264375,0.03456084375,9.58,671.54,95.91,7.26,490.79
2014-05-21 00:14:00,13.46,9.41,0.051929609137056,0.033948441624365,9.31,615.02,89.67,7.11,504.99
2014-05-22 00:03:00,14.59,3.95,0.052999468085106,0.034161425531915,9.55,652.07,93.96,7.23,476.98
2014-05-23 00:00:00,12.14,13.23,0.049006829694323,0.032747720524017,9.07,572.76,84.87,6.98,422.65
2014-05-24 00:00:00,11.56,13.19,0.048728595652174,0.032811782608696,8.77,542.28,80.99,6.85,437.40
2014-05-25 00:00:00,11.71,12.96,0.048944949152542,0.032876771186441,8.85,550.04,81.98,6.89,448.23
2014-05-26 09:00:00,14.82,3.61,0.052096,0.033574,9.86,678.47,97.51,7.37,431.83
2014-05-27 15:00:00,11.70,13.30,0.049299469026549,0.033099513274336,8.62,536.37,79.91,6.84,436.53
2014-05-28 00:00:00,12.09,12.32,0.04957434375,0.0331207578125,8.83,557.51,82.62,6.92,448.15
2014-05-29 00:00:00,12.05,12.43,0.04947262992126,0.033068007874016,8.86,559.35,82.89,6.93,455.79
2014-05-30 00:00:00,11.99,12.26,0.049583157480315,0.033162125984252,8.77,552.41,81.94,6.91,452.41
2014-05-31 00:00:00,11.74,12.34,0.049210535433071,0.03304557480315,8.58,535.05,79.66,6.83,465.47
2014-06-01 00:00:00,11.66,12.36,0.049248732283465,0.033096330708661,8.45,525.38,78.30,6.83,478.18
2014-06-02 00:00:00,11.96,12.30,0.049734614173228,0.033273496062992,8.60,541.19,80.31,6.80,479.20
2014-06-03 00:00:00,12.56,12.27,0.050397640625,0.033425109375,8.83,569.35,83.74,6.91,471.94
2014-06-04 00:00:00,12.96,12.31,0.050793779527559,0.033482543307087,8.83,578.38,84.56,7.00,453.17
2014-06-05 00:00:00,12.60,12.35,0.050572669291339,0.033497527559055,8.56,554.16,81.38,6.86,463.97
2014-06-06 00:00:00,13.09,12.32,0.05087568503937,0.033460078740157,8.69,572.53,83.53,6.99,459.99
2014-06-07 00:00:00,13.34,12.32,0.051244133858268,0.033574354330709,8.48,565.23,82.14,6.99,459.79
2014-06-08 00:00:00,17.40,4.15,0.056718166666667,0.03508525,9.71,726.08,101.50,7.29,441.18
2014-06-09 00:00:00,17.95,4.10,0.057519958333333,0.035284458333333,9.75,741.25,103.07,7.40,433.54
2014-06-10 00:00:00,13.24,12.63,0.051244674796748,0.033619861788618,7.88,524.25,76.23,6.65,481.20
2014-06-11 01:00:00,13.32,12.37,0.05112078125,0.033532921875,7.86,524.00,76.14,6.68,486.49
2014-06-12 00:00:00,13.04,13.31,0.051191408695652,0.033676295652174,7.72,509.22,74.27,6.71,479.66
2014-06-24 13:00:00,18.44,5.73,0.060328851813472,0.036483540932642,9.22,718.71,99.17,7.35,405.59
2014-06-25 00:00:00,18.55,4.98,0.060395533524904,0.03649724137931,9.22,718.15,99.13,7.30,401.72
2014-06-27 05:00:00,14.74,11.57,0.055189346153846,0.035218423076923,7.50,533.38,75.81,6.57,435.92
2014-06-28 00:00:00,15.35,11.87,0.056037634146341,0.035402975609756,7.68,560.09,78.96,6.75,415.92
2014-06-29 00:00:00,15.10,11.91,0.055954504065041,0.035478756097561,7.31,530.70,74.93,6.64,415.67
2014-06-30 00:00:00,14.97,11.97,0.055936418032787,0.035526204918033,7.11,515.08,72.77,6.59,416.93
2014-07-01 00:00:00,15.41,11.89,0.056526585365854,0.035640024390244,7.24,533.06,74.92,6.65,414.23
2014-07-02 00:00:00,14.70,11.88,0.055593723577236,0.035469414634146,6.73,480.12,68.18,6.47,426.07
2014-07-03 00:00:00,14.76,11.35,0.055459446808511,0.035398765957447,6.65,470.50,66.99,6.46,435.06
2014-07-04 00:00:00,15.13,11.93,0.056052901639344,0.03555818852459,7.18,518.58,73.31,6.61,429.05
2014-07-05 00:00:00,15.20,11.89,0.056250422764228,0.035617577235772,6.95,508.59,71.61,6.60,428.44
2014-07-06 00:00:00,15.25,12.43,0.056424895652174,0.035683530434783,6.96,511.16,71.88,6.63,425.87
2014-07-07 00:00:00,15.19,11.86,0.056378723577236,0.035691585365854,6.73,493.26,69.43,6.54,425.33
2014-07-08 00:00:00,15.29,11.81,0.056592959677419,0.035783862903226,6.78,498.34,70.08,6.57,428.16
2014-07-09 00:00:00,15.14,11.88,0.056390322580645,0.035731943548387,6.50,472.33,66.65,6.52,432.81
2014-07-10 00:00:00,15.05,11.82,0.056177790322581,0.035658096774194,6.59,478.31,67.52,6.55,436.44
2014-07-11 00:00:00,14.92,11.81,0.056028274193548,0.035642919354839,6.52,471.29,66.63,6.54,441.66
2014-07-12 00:00:00,14.96,11.80,0.056203024193548,0.035733241935484,6.71,484.81,68.54,6.54,443.60
2014-07-13 00:00:00,15.06,12.13,0.056454235294118,0.035831890756303,6.77,489.26,69.14,6.53,442.16
2014-07-14 00:00:00,15.14,11.88,0.05656018852459,0.035848008196721,6.89,502.05,70.77,6.55,449.05
2014-07-15 00:00:00,17.31,8.33,0.059671586012862,0.036652597266881,8.24,618.26,86.32,6.68,452.84
2014-07-16 00:00:09,17.79,7.33,0.060444312903226,0.036858283870968,8.56,648.56,90.27,6.73,451.46
2014-07-17 00:01:00,16.92,8.94,0.059371808290155,0.036579248704663,7.78,599.51,83.02,6.84,439.40
2014-07-18 00:05:00,17.93,7.79,0.060919569892473,0.036915505376344,7.86,627.11,85.92,6.99,432.58
2014-07-19 00:06:00,18.06,8.43,0.06134592746114,0.037065595854922,7.58,611.35,83.52,6.98,428.84
2014-07-20 00:05:00,17.93,9.31,0.060801167539267,0.036852445026178,7.66,610.50,83.66,7.01,433.95
2014-07-21 00:05:00,17.48,9.37,0.060616264550265,0.036973566137566,7.36,580.16,79.78,6.88,444.58
2014-07-22 00:02:00,16.72,9.97,0.0589092,0.036366935294118,6.78,531.20,72.27,6.65,455.97
2014-07-23 00:00:00,17.51,9.26,0.059340492063492,0.036287641269841,6.68,561.58,72.63,6.48,400.29
2014-07-24 00:06:00,20.17,4.01,0.063202333333333,0.037257364583333,8.82,759.37,97.51,6.93,384.91
2014-07-25 00:06:00,19.95,4.02,0.062779822916667,0.0371435625,8.68,742.54,95.53,6.80,397.28
2014-07-26 00:07:00,17.74,8.56,0.059997699481865,0.036552958549223,6.91,582.57,75.28,6.52,405.10
2014-07-27 00:05:00,18.09,8.55,0.060811765625,0.036804192708333,7.03,601.21,77.37,6.67,400.62
2014-07-28 00:04:00,18.14,8.67,0.060824077720207,0.036793601036269,6.90,592.22,76.12,6.62,405.80
2014-07-29 00:05:00,17.56,9.24,0.059656111801242,0.036434527950311,6.39,541.43,69.87,6.41,428.00
2014-07-30 00:12:00,17.92,8.52,0.060433239130435,0.036699777173913,6.87,581.66,75.08,6.57,429.47
2014-07-31 00:12:00,14.01,14.28,0.055315159793815,0.035678728865979,3.30,241.47,32.65,5.74,463.05
2014-08-01 00:00:35,13.16,14.66,0.05440395287187,0.035551789396171,2.46,171.31,23.58,5.58,471.41
2014-08-02 00:00:12,14.54,13.31,0.056122541953232,0.035862731774415,3.52,272.77,36.21,5.85,469.09
2014-08-03 00:13:00,18.53,8.38,0.061930950819672,0.03718768852459,6.74,586.98,75.13,6.69,436.66
2014-08-04 00:12:00,11.67,19.74,0.052492726027398,0.035034025440313,0.88,68.09,9.06,5.42,477.14
2014-08-05 00:00:20,13.56,16.56,0.054671446666667,0.035406042222222,2.43,204.93,26.48,5.75,457.92
2014-08-06 00:12:00,18.73,8.42,0.062656364640884,0.037464988950276,6.78,596.55,76.10,6.87,434.87
2014-08-07 00:12:00,18.58,8.33,0.06271754054054,0.037570281081081,6.68,585.10,74.76,6.77,440.12
2014-08-08 00:13:00,19.14,8.40,0.063652320652174,0.037767804347826,6.85,614.25,77.93,6.98,420.53
2014-08-09 00:12:00,19.20,8.41,0.063780391304348,0.037811902173913,6.69,602.08,76.33,6.94,423.71
2014-08-10 00:12:00,19.69,8.55,0.064599897297297,0.037963832432432,6.82,624.03,78.71,7.11,401.86
2014-08-11 00:12:00,19.57,8.53,0.064581184782609,0.038037711956522,6.59,602.16,76.01,6.96,418.74
2014-08-12 00:12:00,19.74,8.44,0.064424220994475,0.037862281767956,6.72,614.56,77.55,7.12,414.49
2014-08-13 00:12:00,19.41,8.35,0.06435035326087,0.038019266304348,6.43,584.63,73.89,7.01,422.84
2014-08-14 00:12:00,19.24,8.34,0.064151619565217,0.038001336956522,6.30,565.24,71.70,6.76,453.04
2014-08-15 00:12:00,18.85,8.29,0.063383,0.037818136612022,5.98,529.41,67.41,6.48,488.57
2014-08-16 00:13:00,18.45,8.33,0.062545124324324,0.037563281081081,5.81,508.80,65.02,6.43,507.51
2014-08-17 00:13:00,18.44,8.50,0.062633264864865,0.037631924324324,5.98,520.53,66.62,6.41,523.34
2014-08-18 00:12:00,18.13,8.49,0.062368326086956,0.037625989130435,5.70,494.41,63.35,6.32,541.85
2014-08-19 00:12:00,18.57,7.64,0.062985634517766,0.037754177664975,6.10,533.31,68.17,6.43,532.54
2014-08-20 00:04:00,17.99,8.70,0.062607565217391,0.037814385869565,5.35,464.57,59.50,6.31,539.29
2014-08-21 00:08:00,18.30,8.49,0.063558318681319,0.038158653846154,5.68,498.32,63.61,6.57,430.09
2014-08-22 00:10:00,18.08,8.23,0.063530843243243,0.038260637837838,5.47,476.30,60.95,6.42,443.56
2014-08-23 00:13:00,18.34,7.74,0.064153881081081,0.038461535135135,5.65,495.44,63.28,6.51,442.02
2014-08-24 00:13:00,18.50,7.11,0.064554164948454,0.038590180412371,6.13,539.43,68.83,6.73,435.20
2014-08-25 00:02:00,18.44,7.53,0.064281053763441,0.038468860215054,6.15,540.53,68.98,6.76,423.10
2014-08-26 00:13:00,18.54,7.58,0.064402201086956,0.038498548913043,6.38,561.74,71.66,6.80,420.48
2014-08-27 00:13:00,18.72,7.54,0.064871632432432,0.038661151351351,6.46,572.44,72.90,6.81,439.41
2014-08-28 00:13:00,21.06,4.63,0.067928608961303,0.039150289205703,8.75,784.63,99.57,7.46,412.44
2014-08-29 00:11:00,21.30,3.93,0.068352821428571,0.039250928571429,8.77,779.78,99.18,7.10,437.88
2014-08-30 08:50:00,17.42,9.32,0.063465317880795,0.038598629139073,4.79,414.23,53.12,6.26,464.02
2014-08-31 00:13:00,18.31,7.61,0.064745472081218,0.038827401015228,6.16,537.44,68.74,6.70,462.46
2014-09-01 00:14:00,17.84,9.04,0.064533993865031,0.038971460122699,5.94,518.52,66.32,6.73,410.14
2014-09-02 00:13:00,21.81,4.08,0.070203307692308,0.039896230769231,9.20,829.56,105.09,7.33,381.34
2014-09-03 00:15:00,21.06,4.63,0.067928608961303,0.039150289205703,8.75,784.63,99.57,7.46,412.44
2014-09-04 20:47:00,21.81,4.08,0.070203307692308,0.039896230769231,9.20,829.56,105.09,7.33,381.34
2014-09-05 00:02:00,18.80,8.33,0.066451575268817,0.039483639784946,6.15,552.55,70.07,6.82,399.91
2014-09-06 00:13:00,18.72,8.33,0.066179621621622,0.039373145945946,5.96,534.00,67.78,6.76,432.99
2014-09-07 00:13:00,18.73,8.34,0.066682794594595,0.039643275675676,5.91,530.56,67.30,6.80,406.09
2014-09-08 00:13:00,18.74,8.34,0.067064162162162,0.039870421621622,5.91,531.18,67.36,6.82,356.79
2014-09-09 00:13:00,18.33,8.34,0.06566247027027,0.039320940540541,5.05,444.92,56.74,6.34,418.84
2014-09-10 00:13:00,18.23,8.34,0.065591152173913,0.039346125,5.11,448.01,57.20,6.40,421.98
2014-09-11 00:12:00,18.63,8.36,0.066378706521739,0.039548788043478,6.36,564.30,71.80,7.02,373.19
2014-09-12 00:13:00,18.70,8.35,0.066892643243243,0.039780502702703,6.59,588.07,74.72,7.20,333.94
2014-09-13 00:13:00,18.45,8.35,0.067035145945946,0.040048843243243,6.19,549.69,69.96,6.88,338.65
2014-09-14 00:13:00,18.48,8.34,0.066733416216216,0.039831086486486,6.08,540.04,68.72,6.89,355.35
2014-09-15 00:13:00,18.33,8.36,0.066695978378378,0.039930864864865,5.90,520.97,66.39,6.76,345.59
2014-09-16 00:13:00,18.07,8.35,0.066130037837838,0.039768637837838,5.75,502.78,64.26,6.78,344.17
2014-09-17 00:13:00,18.13,8.31,0.0666266,0.040020681081081,5.93,517.65,66.18,6.78,337.93
2014-09-18 00:13:00,17.87,8.33,0.066583125,0.040156940217391,5.67,491.71,63.00,6.60,348.58
2014-09-19 00:12:00,17.77,7.64,0.066308032608695,0.040062282608696,5.70,491.32,63.09,6.54,357.45
2014-09-20 00:12:00,17.49,7.78,0.065861081081081,0.039944745945946,5.51,470.22,60.54,6.42,372.56
2014-09-21 00:13:00,17.35,8.29,0.065876135135135,0.040050021621622,5.48,463.37,59.82,6.40,374.66
2014-09-22 00:13:00,17.09,8.29,0.065521032432432,0.040017389189189,5.29,443.64,57.41,6.35,372.93
2014-09-23 00:13:00,17.11,8.28,0.064897,0.039631016216216,5.48,457.75,59.31,6.37,385.98
2014-09-24 00:13:00,16.96,8.32,0.065444216216216,0.040043124324324,5.23,435.23,56.45,6.29,379.66
2014-09-25 00:13:00,17.14,7.78,0.064486207317073,0.039412548780488,5.86,482.58,62.82,6.37,373.64
2014-09-26 10:26:00,16.13,9.03,0.064605911949686,0.040042012578616,5.03,408.72,53.43,6.26,353.54
2014-09-27 00:09:00,16.32,8.32,0.06473107027027,0.039998135135135,5.26,425.82,55.71,6.24,385.43
2014-09-28 00:10:00,16.39,8.16,0.063971121546961,0.039494055248619,5.45,439.62,57.60,6.26,398.99
2014-09-29 00:10:00,16.35,8.14,0.064343718232044,0.039728182320442,5.47,440.15,57.71,6.19,396.16
2014-09-30 00:10:00,16.41,7.98,0.062340866666667,0.038590339393939,5.72,461.55,60.47,6.09,439.87
2014-10-01 16:04:00,17.75,3.89,0.06251259375,0.0379475625,7.71,618.29,81.14,6.34,389.11
2014-10-02 00:04:00,16.34,7.95,0.062930240437158,0.03899187431694,5.87,468.96,61.63,6.18,327.02
2014-10-03 00:11:00,16.64,7.22,0.063530584269663,0.039170898876404,6.29,510.14,66.72,6.28,328.45
2014-10-04 00:10:00,16.59,7.27,0.063131298342542,0.038952397790055,6.70,541.44,70.90,6.41,331.12
2014-10-05 00:10:00,16.36,8.07,0.063382193370166,0.039233132596685,6.26,501.94,65.87,6.27,330.85
2014-10-06 00:10:00,16.44,7.95,0.062471251396648,0.038654837988827,6.81,543.07,71.40,6.36,350.36
2014-10-07 00:10:00,16.33,7.88,0.062768036585366,0.038889353658537,6.81,542.58,71.35,6.40,349.21
2014-10-08 00:11:00,16.27,8.08,0.062899141176471,0.038978447058824,6.80,541.35,71.22,6.35,351.69
2014-10-09 00:09:00,17.43,4.89,0.0621695,0.037914916666667,8.89,706.51,93.00,6.58,438.93
2014-10-10 00:10:00,17.35,4.90,0.062689,0.038222611111111,8.79,697.00,91.82,6.51,439.63
2014-10-14 12:34:00,14.97,10.03,0.063370652173913,0.039948130434783,5.70,441.35,58.58,6.26,313.50
2014-10-15 00:02:00,16.10,4.72,0.061248415384615,0.038089407692308,8.27,635.00,84.52,6.44,424.32
2014-10-16 00:27:00,15.55,7.69,0.061525040268456,0.038555167785235,7.09,544.35,72.46,6.32,360.81
2014-10-17 00:10:00,15.56,7.87,0.061465197452229,0.038523821656051,7.26,557.61,74.21,6.33,369.77
2014-10-18 00:10:00,15.55,7.82,0.061546929936306,0.038578356687898,7.37,565.78,75.32,6.35,366.86
2014-10-19 00:10:00,15.55,7.36,0.061433883116883,0.038494538961039,7.40,567.10,75.44,6.30,375.73
2014-10-20 00:10:00,15.28,7.43,0.061596952702703,0.038758168918919,7.42,562.97,75.22,6.31,367.72
2014-10-21 00:10:00,15.09,8.65,0.061261055555556,0.038672087301587,7.18,544.64,72.79,6.39,339.14
2014-10-23 07:39:00,14.97,8.52,0.060695915492958,0.038410415492958,7.30,549.11,73.58,6.37,349.20
2014-10-24 00:09:00,14.84,8.14,0.060980565217391,0.038637720496894,7.28,544.69,73.12,6.32,349.71
2014-10-25 00:11:00,14.81,7.69,0.060601819767442,0.038423831395349,7.43,553.64,74.43,6.32,361.43
2014-10-26 00:11:00,14.75,7.85,0.0605867,0.038450805882353,7.52,559.06,75.21,6.34,366.17
2014-10-27 00:08:00,14.73,7.69,0.060865047058823,0.038624264705882,7.53,559.04,75.24,6.30,368.29
2014-10-28 00:10:00,14.64,7.71,0.060803896551724,0.038637074712644,7.46,552.38,74.42,6.33,363.34
2014-10-29 00:12:00,14.58,7.98,0.060608159763314,0.038556674556213,7.36,544.13,73.35,6.31,365.61
2014-10-30 00:10:00,14.49,7.81,0.060442142857143,0.038495708571429,7.63,561.77,75.85,6.35,361.26
2014-10-31 00:10:00,14.45,7.77,0.060506560693642,0.038566416184971,7.40,544.57,73.53,6.30,365.05
2014-11-01 00:10:00,14.41,7.76,0.060098557471264,0.038341959770115,7.65,561.85,75.93,6.36,367.81
2014-11-02 00:11:00,14.35,7.94,0.060325605882353,0.038517070588235,7.53,551.61,74.60,6.36,363.80
2014-11-03 00:10:00,14.20,7.93,0.059193651162791,0.037934936046512,7.90,574.02,77.83,6.46,362.69
2014-11-04 00:10:00,13.91,8.06,0.058491149068323,0.037665645962733,8.37,599.79,81.74,6.48,364.05
2014-11-05 00:10:00,13.65,7.78,0.058144604651163,0.037567994186047,8.28,586.81,80.30,6.42,379.50
2014-11-06 00:10:00,13.30,7.80,0.058257700564972,0.037810649717514,7.89,552.13,75.89,6.37,369.45
2014-11-07 00:12:00,13.09,7.68,0.057634782857143,0.037535817142857,8.07,559.57,77.15,6.37,375.07
2014-11-08 00:12:00,12.88,7.68,0.057102804597701,0.03731732183908,7.99,549.58,75.99,6.34,372.53
2014-11-09 00:12:00,12.56,7.73,0.057274052023121,0.03758961849711,7.75,527.78,73.27,6.30,372.79
2014-11-10 00:12:00,12.29,7.76,0.056609840236686,0.037317485207101,7.77,523.49,72.96,6.26,394.96
2014-11-11 00:11:00,12.05,7.68,0.055988994186046,0.037053715116279,7.67,512.24,71.63,6.27,398.96
2014-11-12 00:03:00,11.81,7.59,0.054552700598802,0.036273868263473,8.62,568.03,79.80,6.33,428.43
2014-11-13 00:13:00,11.79,3.94,0.054737808988764,0.036395387640449,8.84,580.88,81.72,6.24,459.48
2014-11-14 00:09:00,11.71,3.88,0.054158508379888,0.036080519553073,8.97,588.17,82.83,6.34,455.80
2014-11-15 00:11:00,11.37,3.92,0.053525756906077,0.035857745856354,9.28,600.44,84.97,6.35,453.29
2014-11-16 00:11:00,10.98,3.94,0.052729904494382,0.035552550561798,9.61,613.13,87.26,6.36,455.58
2014-11-17 00:11:00,10.69,3.92,0.051996920634921,0.035242793650794,9.85,621.33,88.80,6.33,457.14
2014-11-18 00:00:00,10.48,3.94,0.051377084210526,0.034942715789474,9.92,620.64,88.98,6.28,457.51
2014-11-19 00:06:00,10.28,3.99,0.051232882978723,0.034950925531915,9.94,617.21,88.76,6.19,460.19
2014-11-20 00:06:00,9.51,8.02,0.045736881578947,0.031659763157895,10.39,625.41,91.02,7.00,421.39
2014-11-21 00:13:00,9.46,7.70,0.045864206703911,0.031780636871508,10.38,623.75,90.84,7.28,461.29
2014-11-22 00:07:00,9.43,7.60,0.045843053892216,0.031772658682635,10.44,626.92,91.34,7.29,464.04
2014-11-23 00:03:00,9.40,7.68,0.045366987878788,0.031483660606061,10.48,628.72,91.64,7.28,458.62
2014-11-24 00:08:00,9.88,3.95,0.049411372636262,0.033969614015573,10.37,633.91,91.72,7.33,469.03
2014-11-25 00:10:00,9.99,3.93,0.049756498187092,0.034140939811458,10.50,644.49,93.09,7.38,460.82
2014-11-26 00:00:03,10.09,3.83,0.049474125,0.03391775,10725.00,661.01,95.33,7.47,351.77
2014-11-28 02:18:47,9.83,-8.76,0.049312932291667,0.033931611979167,10.72,654.15,94.73,7.38,390.05
2014-11-29 09:05:42,9.61,-8.78,0.048230305555556,0.033330046296296,10.82,654.48,95.10,7.29,353.07
2014-11-30 00:49:19,9.41,-8.73,0.046556573262032,0.032328903743315,10.81,648.82,94.57,7.26,433.79
2014-12-01 00:00:51,9.09,-8.67,0.043965276747503,0.030772629101284,10.89,645.32,94.55,7.26,465.88
2014-12-02 10:43:00,9.06,-7.83,0.044578622535211,0.031185832394366,10.99,650.37,95.34,7.31,467.43
2014-12-03 00:11:00,8.87,4.38,0.043876527777778,0.030796041666667,10.92,641.45,94.31,7.29,470.33
2014-12-04 00:12:00,8.69,4.39,0.043330504424779,0.030504159292035,10.92,636.78,93.91,7.26,474.28
2014-12-05 00:03:00,8.55,4.46,0.043100305263158,0.030399484210526,10.96,635.59,93.94,7.26,474.32
2014-12-06 00:03:00,8.36,4.52,0.04236703125,0.029981041666667,10.96,630.15,93.45,7.24,477.45
2014-12-07 00:03:00,7.90,7.66,0.038923024096385,0.027805945783133,11.06,624.27,93.28,7.16,480.12
2014-12-08 00:01:00,7.89,3.97,0.040323135416667,0.028763458333333,11.17,630.24,94.22,7.21,483.24
2014-12-09 00:02:00,7.73,3.97,0.039864552083333,0.028504979166667,11.29,632.45,94.82,7.21,485.71
2014-12-10 00:02:00,7.57,3.98,0.039597375,0.028373166666667,11.36,632.39,95.07,7.22,488.35
2014-12-11 00:02:00,7.49,3.93,0.039360729166667,0.028235989583333,11.41,632.56,95.23,7.22,488.73
2014-12-12 00:02:00,7.17,7.44,0.038441878787879,0.027697660606061,11.56,632.16,95.70,7.21,488.43
2014-12-13 00:04:00,7.00,7.50,0.038032181818182,0.027450806060606,11.59,629.31,95.56,7.21,488.70
2014-12-14 00:03:00,6.37,12.02,0.036145942028986,0.026288137681159,11.92,630.35,96.79,7.20,490.56
2014-12-17 12:26:00,6.60,3.91,0.03718102173913,0.02675352173913,12.10,645.94,98.78,7.28,487.15
2014-12-18 00:11:00,6.78,5.51,0.039882684803002,0.028819577861163,12.02,646.23,98.56,7.32,481.97
2014-12-19 00:00:17,6.73,3.89,0.039993813118812,0.028911798267327,11.98,642.95,98.15,7.32,488.32
2014-12-20 00:10:00,6.67,3.97,0.039941580645161,0.028895849462366,12.03,644.04,98.44,7.30,497.96
2014-12-21 00:10:00,6.53,3.95,0.039914967391304,0.028923858695652,11.99,638.09,97.78,7.28,504.45
2014-12-22 00:12:00,6.33,8.33,0.03923081420765,0.028504366120219,12.00,633.30,97.35,7.25,501.87
2014-12-23 00:02:00,6.18,8.33,0.039150929347826,0.028498298913043,12.01,629.50,97.05,7.24,504.57
2014-12-24 00:01:00,6.07,3.87,0.039240428571429,0.028598489795918,11.98,624.68,96.56,7.24,506.95
2014-12-25 23:40:00,6.02,3.98,0.038922,0.0283905,12.04,625.87,96.85,7.27,507.20
2014-12-26 00:10:00,6.03,3.98,0.038972625,0.028421489583333,12.10,629.79,97.42,7.26,510.69
2014-12-27 00:10:00,5.93,3.87,0.038905822916667,0.028406520833333,12.27,635.88,98.56,7.28,511.38
2014-12-28 00:10:00,5.84,8.30,0.039017184782609,0.028514559782609,12.29,634.44,98.45,7.29,515.38
2014-12-29 00:12:00,5.61,4.04,0.039230357894737,0.028742905263158,12.44,634.96,99.03,7.31,522.35
2014-12-30 00:57:00,5.48,4.05,0.039358555555556,0.02888549382716,12.50,634.88,99.26,7.31,525.62
2014-12-31 00:12:00,5.38,8.42,0.039137247252747,0.028756543956044,12.58,636.34,99.63,7.30,524.89
2015-01-01 00:02:00,5.30,8.47,0.039066960451977,0.028729666666667,12.61,635.59,99.67,7.29,528.30
2015-01-02 00:02:00,5.19,8.28,0.038960879781421,0.028690934426229,12.66,634.67,99.76,7.31,525.49
2015-01-03 00:12:00,5.12,8.30,0.039032222826087,0.028769364130435,12.69,634.21,99.82,7.32,524.89
2015-01-04 00:12:00,5.07,8.21,0.039122333333333,0.028855727777778,12.75,635.70,100.16,7.32,528.14
2015-01-05 00:12:00,4.98,8.28,0.039004967391304,0.02879602173913,12.79,635.26,100.27,7.31,529.82
2015-01-06 00:12:00,4.96,8.26,0.039038875,0.028826711956522,12.84,636.94,100.57,7.32,530.13
2015-01-07 00:12:00,4.97,3.94,0.039371957446809,0.029078734042553,12.80,634.83,100.27,7.30,534.90
2015-01-08 00:12:00,4.88,4.00,0.039207260416667,0.028989666666667,12.81,632.90,100.16,7.30,533.43
2015-01-09 00:12:00,4.74,8.45,0.038895088888889,0.028801233333333,12.86,631.83,100.20,7.31,530.72
2015-01-10 00:12:00,4.75,8.23,0.038865881081081,0.028778972972973,12.90,633.51,100.46,7.32,530.75
2015-01-11 00:13:00,4.77,8.36,0.038839252747253,0.028751736263736,13.00,639.02,101.30,7.33,528.58
2015-01-12 00:13:00,4.71,3.92,0.039052936170213,0.028934255319149,12.91,632.56,100.45,7.29,520.30
2015-01-13 00:13:00,4.65,3.88,0.03894015625,0.028872364583333,13.03,636.56,101.22,7.33,520.59
2015-01-14 00:13:00,4.64,3.87,0.038808375,0.02877553125,13.12,640.85,101.92,7.35,526.26
2015-01-15 00:13:00,4.63,3.80,0.038765210526316,0.028747821052632,13.22,645.38,102.66,7.36,533.39
2015-01-16 00:13:00,4.53,3.77,0.038623287234043,0.02867870212766,13.31,646.90,103.12,7.38,536.06
2015-01-17 00:05:00,4.36,3.85,0.038464152173913,0.028616619565217,13.35,643.92,102.99,7.37,532.66
2015-01-18 00:05:00,4.27,3.76,0.038398364583333,0.0286018125,13.27,637.00,102.09,7.31,535.55
2015-01-19 00:05:00,4.20,8.60,0.038341113513513,0.028583113513514,13.39,641.21,102.84,7.37,538.54
2015-01-20 00:00:00,4.08,3.88,0.038342427083333,0.028627625,13.46,640.77,103.09,7.37,543.01
2015-01-21 00:00:00,3.89,8.63,0.03825617989418,0.028626708994709,13.61,642.16,103.67,7.41,539.13
2015-01-22 00:01:00,3.73,3.94,0.038021041666667,0.02850375,13.68,640.36,103.79,7.41,544.16
2015-01-23 00:01:00,3.65,4.02,0.037944031578947,0.028474663157895,13.72,639.69,103.86,7.40,546.18
2015-01-24 00:00:00,3.56,4.06,0.037869427083333,0.028450489583333,13.80,640.75,104.23,7.41,544.59
2015-01-25 00:00:00,3.53,4.09,0.03792171875,0.028505114583333,13.93,645.68,105.11,7.43,545.52
2015-01-26 00:00:00,3.36,8.67,0.037851475935829,0.028510721925134,14.01,644.58,105.25,7.42,532.48
2015-01-27 00:00:00,3.38,3.89,0.03787484375,0.028522114583333,14.04,646.10,105.52,7.40,529.06
2015-01-28 00:00:00,3.39,3.85,0.037938526315789,0.0285688,14.19,653.31,106.67,7.42,532.60
2015-01-29 00:00:00,3.40,3.75,0.0379271875,0.02855584375,14.30,658.83,107.55,7.47,519.30
2015-01-30 00:00:00,3.53,3.61,0.037959604166667,0.02853275,14.32,663.78,108.05,7.49,522.96
2015-01-31 00:00:00,3.56,3.61,0.037942829787234,0.028510553191489,14.26,661.93,107.70,7.47,528.02
2015-02-01 00:00:00,3.40,7.99,0.037760028169014,0.028421807511737,14.34,661.18,107.87,7.48,527.78
2015-02-02 00:06:00,3.32,4.16,0.0376491875,0.028367322916667,14.28,655.44,107.17,7.45,529.38
2015-02-03 00:06:00,3.20,4.10,0.037526021505376,0.028314215053763,14.37,655.79,107.51,7.43,533.29
2015-02-04 01:55:00,3.12,4.15,0.037517775280899,0.028339696629213,14.38,653.34,107.31,7.39,536.37
2015-02-05 00:10:00,3.04,9.22,0.037439601226994,0.028305693251534,14.41,652.51,107.29,7.43,535.74
2015-02-06 00:05:00,2.84,4.13,0.037347287234043,0.02830914893617,14.45,647.67,107.04,7.35,540.51
2015-02-07 00:05:00,2.86,4.19,0.037645287581699,0.028536705882353,14.38,645.27,106.59,7.18,540.60
2015-02-08 00:00:30,2.57,4.23,0.036503244075829,0.027735255924171,14.65,647.99,107.74,7.37,498.51
2015-02-09 00:00:13,2.73,4.25,0.036725073414112,0.027854047754811,14.46,644.48,106.77,7.21,524.78
2015-02-10 00:00:14,2.75,4.25,0.037214317177477,0.028236326443336,14.45,644.67,106.75,7.10,534.08
2015-02-11 00:00:15,2.70,4.22,0.037349696364932,0.028361448325018,14.51,645.84,107.06,7.08,532.08
2015-02-12 16:38:00,2.84,4.19,0.037519001895734,0.028445698578199,14.35,643.25,106.31,7.06,536.35
2015-02-13 00:13:00,2.83,8.93,0.037383188888889,0.028338216666667,14.60,654.43,108.11,7.33,530.63
2015-02-14 00:11:00,2.82,4.01,0.03734571875,0.028314885416667,14.58,652.84,107.94,7.39,533.36
2015-02-15 00:12:00,2.89,3.98,0.0374576875,0.028376229166667,14.48,650.84,107.44,7.23,541.75
2015-02-16 00:12:00,2.96,4.04,0.037546166666667,0.028417208333333,14.49,653.33,107.69,7.15,546.34
2015-02-17 00:12:00,3.01,4.12,0.037538979166667,0.028397760416667,14.59,659.49,108.57,7.35,547.30
2015-02-18 00:12:00,2.98,4.16,0.037683395833333,0.0285196875,14.45,652.38,107.47,7.09,556.38
2015-02-19 00:12:00,3.10,8.73,0.038056253968254,0.028766164021164,14.44,656.05,107.72,7.04,559.02
2015-02-20 00:00:00,3.08,3.93,0.037959708333333,0.028703625,14.53,659.09,108.35,7.09,560.29
2015-02-21 00:00:00,3.12,3.83,0.037943416666667,0.028672364583333,14.49,658.42,108.14,7.17,562.03
2015-02-22 00:00:00,3.10,3.87,0.037887489583333,0.02864021875,14.56,660.75,108.58,7.19,565.14
2015-02-23 00:00:00,3.19,8.64,0.038185566137566,0.028833407407407,14.58,665.46,109.06,7.32,559.62
2015-02-24 00:00:00,3.13,4.06,0.038246697916667,0.028906302083333,14.51,659.76,108.33,7.24,567.47
2015-02-25 00:01:00,3.09,4.09,0.0381835625,0.028872489583333,14.59,662.14,108.83,7.26,571.86
2015-02-26 00:01:00,3.21,4.07,0.038474260416667,0.029056489583333,14.49,661.39,108.40,7.06,579.52
2015-02-27 00:01:00,3.36,4.05,0.038612175,0.0291055625,14.51,667.06,108.99,7.08,579.75
2015-03-10 13:00:00,6.27,3.40,0.041054,0.0298178,14.60,726.66,118.16,6.13,522.96
2015-03-11 01:00:00,5.42,11.27,0.041077572649573,0.030157777777778,12.17,708.72,96.54,7.35,591.96
2015-03-12 00:00:00,7.23,4.08,0.042519756097561,0.030483926829268,12.68,753.84,105.18,7.36,528.70
2015-03-13 08:00:00,7.42,4.10,0.043196840764331,0.030878515923567,12.71,756.14,105.89,7.39,500.89
2015-03-14 00:02:00,6.94,4.07,0.04266315625,0.03069546875,12.47,739.92,102.71,7.39,497.70
2015-03-15 00:02:00,6.57,4.03,0.042283947916667,0.030575447916667,12.25,724.73,100.01,7.36,500.75
2015-03-16 00:02:00,6.16,5.03,0.042163975088968,0.030646877817319,12.18,716.89,98.35,7.31,509.66
2015-03-17 00:00:00,5.91,5.03,0.041941863309352,0.03058798441247,12.02,705.63,96.49,7.31,508.48
2015-03-18 00:06:00,5.52,4.20,0.041178958333333,0.030197885416667,11.92,696.06,94.73,7.31,515.01
2015-03-19 00:07:00,5.52,4.20,0.041585229166667,0.030488114583333,11.86,692.41,94.24,7.32,516.29
2015-03-20 00:07:00,5.56,4.17,0.0418145,0.030640447916667,11.84,691.86,94.20,7.33,518.71
2015-03-21 00:07:00,5.63,4.11,0.041941,0.030702927083333,11.81,690.42,94.08,7.32,519.67
2015-03-22 00:07:00,5.82,4.12,0.0423724375,0.030937510416667,11.85,694.44,94.85,7.25,519.40
2015-03-23 00:07:00,5.73,4.08,0.042644784090909,0.031174829545455,11.79,690.56,94.21,7.14,518.32
2015-03-24 00:09:00,5.63,4.09,0.042100415730337,0.030823123595506,11.70,684.47,93.27,7.22,523.60
2015-03-25 00:06:00,5.60,4.39,0.0413955625,0.0303171875,11.70,683.78,93.15,7.27,526.46
2015-03-26 00:06:00,5.57,8.69,0.041017218579235,0.030054054644809,11.69,683.41,93.01,7.32,523.69
2015-03-27 00:01:00,5.88,4.14,0.041292189473684,0.030132673684211,11.72,687.86,94.03,7.18,522.70
2015-03-28 00:01:00,6.50,4.16,0.041949021052632,0.030366768421053,11.93,704.57,97.16,6.93,519.78
2015-03-29 00:01:00,7.07,4.15,0.04174234375,0.03000971875,12.17,722.41,100.56,6.91,515.54
2015-03-30 00:01:00,7.21,8.56,0.041647698412698,0.029893232804233,12.34,733.46,102.35,7.18,515.16
2015-03-31 00:13:00,7.64,4.09,0.042172,0.03009721875,12.41,739.58,104.01,6.73,521.86
2015-04-01 00:13:00,7.26,8.79,0.041880340782123,0.030030027932961,12.23,727.02,101.56,7.06,521.85
2015-04-02 00:00:00,7.71,4.00,0.042522260416667,0.0303133125,12.40,739.38,104.12,6.65,525.53
2015-04-03 00:00:00,7.53,8.98,0.042574117647059,0.030412,12.30,732.69,102.87,6.86,525.24
2015-04-04 00:03:00,7.68,4.55,0.04265225,0.030410375,12.32,734.16,103.34,6.71,534.70
2015-04-05 00:03:00,8.56,4.53,0.04471984375,0.03146090625,12.75,761.37,109.28,6.78,523.19
2015-04-06 00:04:00,7.58,7.94,0.042404897196262,0.03027776635514,12.21,726.96,102.21,6.72,539.49
2015-04-07 00:13:00,7.53,9.16,0.042742693121693,0.030529687830688,12.13,722.27,101.39,6.91,536.84
2015-04-08 00:05:00,7.16,9.13,0.043659901041667,0.0313011875,11.91,708.35,98.67,6.98,541.48
2015-04-09 00:05:00,7.59,9.10,0.043213489247312,0.030834193548387,12.07,719.23,101.09,6.90,530.08
2015-04-10 00:05:00,8.65,3.75,0.04379890625,0.030823666666667,12.50,746.41,107.34,6.54,528.40
2015-04-11 00:05:00,9.04,3.78,0.04522546875,0.031613604166667,12.62,753.35,109.38,6.57,525.92
2015-04-12 00:05:00,7.39,14.72,0.044217105769231,0.031585221153846,11.84,704.42,98.71,6.90,541.47
2015-04-13 00:03:00,8.00,9.19,0.045685079787234,0.032329175531915,12.08,720.66,102.15,7.07,537.02
2015-04-14 00:05:00,8.26,9.15,0.045717994117647,0.032239611764706,12.16,725.48,103.54,7.05,533.36
2015-04-15 00:05:00,8.71,4.19,0.046783868421053,0.032768802631579,12.28,733.57,105.63,7.04,535.78
2015-04-16 00:14:00,9.66,3.90,0.047767729166667,0.033018072916667,12.75,759.82,112.17,7.47,513.30
2015-04-17 00:14:00,9.57,9.08,0.047385064171123,0.032804657754011,12.67,753.58,111.45,7.45,518.12
2015-04-18 00:03:00,9.44,9.00,0.047370052631579,0.0328473,12.56,746.72,110.16,7.41,522.99
2015-04-19 00:05:00,10.80,3.89,0.047621510416667,0.032465645833333,13.08,774.27,118.17,7.52,512.89
2015-04-20 00:05:00,10.76,3.93,0.0481715,0.032820639534884,12.96,767.86,117.07,7.41,518.83
2015-04-21 00:05:00,9.41,8.92,0.047230005464481,0.032748371584699,12.27,729.44,107.51,7.34,533.87
2015-04-22 00:03:00,9.63,9.01,0.047472813829787,0.032822659574468,12.41,736.75,109.38,7.35,532.81
2015-04-23 00:03:00,10.63,8.92,0.048583914893617,0.033103968085106,12.99,764.54,117.41,7.41,517.15
2015-04-24 00:03:00,10.79,9.05,0.049240368421053,0.033435015789474,12.99,762.42,117.97,7.36,519.42
2015-04-25 00:02:00,11.14,9.05,0.049248473684211,0.033309631578947,13.15,768.76,120.44,7.44,511.47
2015-04-26 00:03:00,11.11,8.89,0.049304037037037,0.033349291005291,13.12,767.19,120.03,7.44,516.08
2015-04-27 00:02:00,11.25,8.97,0.049669994708995,0.033512931216931,13.10,766.69,120.14,7.48,517.23
2015-04-28 00:03:00,10.91,9.05,0.049542781914894,0.033570531914894,12.76,747.80,116.17,7.37,526.62
2015-04-29 00:04:00,11.09,9.09,0.049609680232558,0.033542511627907,12.94,756.40,118.45,7.39,525.37
2015-04-30 00:05:00,11.57,9.10,0.04985535978836,0.033493497354497,13.29,773.03,122.97,7.50,509.55
2015-05-01 00:04:00,11.76,9.05,0.050207838709677,0.03362647311828,13.31,772.69,123.66,7.52,509.86
2015-05-02 00:05:00,11.68,9.03,0.050435393617021,0.033792888297872,13.13,762.08,121.81,7.41,518.67
2015-05-03 00:04:00,11.69,9.11,0.050431296296296,0.033786417989418,13.08,758.25,121.60,7.39,527.44
2015-05-04 00:05:00,11.68,8.92,0.050422126984127,0.033784523809524,12.97,751.59,120.54,7.34,530.63
2015-05-05 00:05:00,12.61,8.28,0.05155056097561,0.034077408536585,13.61,781.90,128.91,7.57,515.89
2015-05-06 00:05:00,12.21,8.93,0.051064901041667,0.033931755208333,13.17,758.50,123.91,7.46,530.01
2015-05-07 00:05:00,12.19,9.04,0.051347191489362,0.034115170212766,13.07,751.27,123.12,7.32,536.98
2015-05-08 00:04:00,12.94,8.94,0.052493678947368,0.034464305263158,13.67,777.59,130.99,7.52,515.64
2015-05-09 00:05:00,12.83,8.93,0.052654380952381,0.034593005291005,13.48,766.16,128.97,7.40,531.11
2015-05-10 00:05:00,12.72,8.90,0.052366455555556,0.034473183333333,13.30,756.59,127.16,7.29,552.41
2015-05-11 00:06:00,12.31,9.13,0.051859642857143,0.034358384615385,12.86,739.56,121.42,7.21,574.98
2015-05-12 00:05:00,12.74,8.83,0.052763446153846,0.034709071794872,13.46,765.16,128.74,7.33,569.47
2015-05-13 00:05:00,13.88,8.86,0.054528175531915,0.035184457446809,14.36,787.81,142.46,7.42,557.37
2015-05-14 00:04:00,14.87,9.07,0.055768660606061,0.035413436363636,14.94,800.76,151.66,7.62,535.86
2015-05-15 00:06:00,14.47,8.16,0.05479376142132,0.035060954314721,14.01,763.63,140.17,7.54,567.76
2015-05-16 00:05:00,13.78,8.81,0.053822139175258,0.034881340206186,13.34,746.53,130.50,7.36,611.14
2015-05-17 00:04:00,13.35,8.81,0.053006984615385,0.034611969230769,12.97,733.04,125.42,7.26,631.68
2015-05-18 00:05:00,13.92,8.61,0.054242765625,0.035056447916667,13.47,750.19,132.48,7.27,629.63
2015-05-19 00:04:00,13.61,8.81,0.053801728205128,0.034939594871795,13.03,731.38,127.04,7.39,637.84
2015-05-20 00:05:00,12.96,8.79,0.052266523316062,0.034369595854922,12.40,708.66,118.63,7.33,649.80
2015-05-21 00:04:00,13.05,8.72,0.052506671875,0.034478223958333,12.47,712.14,119.49,7.32,646.00
2015-05-22 00:05:00,12.84,8.79,0.052303719387755,0.03444531122449,12.32,705.48,117.44,7.31,641.03
2015-05-23 00:05:00,8.80,24.94,0.048081331557923,0.033574892143808,8.29,494.35,71.99,7.00,590.69
2015-05-24 00:09:00,7.49,30.24,0.060743083333333,0.0429839375,0.77,46.16,6.45,7.22,20.41
2015-05-25 00:09:00,11.35,14.80,0.068477446601942,0.046376737864078,7.81,444.34,75.48,7.49,232.59
2015-05-26 00:00:00,14.42,4.27,0.055293583333333,0.035517729166667,13.58,764.67,133.22,7.72,469.00
2015-05-27 00:01:00,13.17,8.70,0.053579192708333,0.035041046875,12.46,710.77,119.67,7.51,488.07
2015-05-28 00:04:00,13.22,8.77,0.054073128865979,0.035302278350515,12.67,721.41,121.92,7.50,500.18
2015-05-29 00:04:00,13.21,8.86,0.05427807368421,0.035419842105263,12.74,725.63,122.59,7.54,510.34
2015-05-30 00:05:00,13.29,8.85,0.054663876923077,0.035613,12.75,725.08,122.97,7.53,518.20
2015-05-31 00:04:00,13.86,8.92,0.055461005235602,0.035796989528796,13.26,742.00,130.02,7.59,520.78
2015-06-01 00:04:00,14.52,8.87,0.056462668393782,0.036040787564767,13.78,756.66,137.84,7.60,520.36
2015-06-02 00:04:00,14.56,8.94,0.056673015789474,0.036124494736842,13.79,755.52,138.20,7.54,522.76
2015-06-03 00:04:00,14.39,8.50,0.056385157608696,0.036064510869565,13.77,760.89,136.93,7.55,526.06
2015-06-04 00:05:00,14.57,8.77,0.05674937628866,0.036188097938144,13.89,764.26,138.81,7.59,527.03
2015-06-05 00:04:00,14.59,8.92,0.057065075268817,0.036359994623656,14.02,769.87,140.30,7.60,522.83
2015-06-06 00:04:00,14.67,8.87,0.057331020618557,0.036454118556701,14.12,771.80,141.97,7.66,520.50
2015-06-07 00:04:00,15.23,8.80,0.058224133333333,0.03667521025641,14.50,780.21,147.88,7.60,512.84
2015-06-08 00:05:00,15.12,8.83,0.05806502051282,0.036647538461538,14.47,781.89,147.14,7.71,517.38
2015-06-09 00:05:00,15.61,8.90,0.058696231958763,0.036742329896907,14.41,766.60,148.45,7.73,518.20
2015-06-10 00:04:00,15.13,9.13,0.057833097826087,0.036507826086957,13.05,751.05,132.61,7.71,514.30
2015-06-11 00:05:00,18.00,4.12,0.061797604166667,0.037464895833333,11.56,881.91,122.42,7.96,498.59
2015-06-12 00:05:00,15.78,8.81,0.058352507853403,0.03648354973822,9.53,741.19,98.59,7.51,506.07
2015-06-13 00:04:00,15.80,8.60,0.058549376963351,0.036590654450262,9.47,736.26,98.06,7.51,510.89
2015-06-14 00:04:00,15.65,8.86,0.058390248677249,0.036558544973545,9.32,725.08,96.42,7.53,507.63
2015-06-15 00:04:00,15.44,8.63,0.058304957671958,0.036623846560847,9.11,715.05,93.51,7.44,508.55
2015-06-16 00:12:00,15.22,8.96,0.057668794444444,0.0363868,8.97,710.35,91.38,7.47,507.92
2015-06-17 00:04:00,14.66,9.20,0.056374144578313,0.035951746987952,8.44,679.98,84.72,7.27,519.44
2015-06-18 00:04:00,15.03,8.61,0.056999961538462,0.036147626373626,8.80,703.41,89.06,7.36,519.22
2015-06-19 00:05:00,15.27,8.84,0.057468572164948,0.036285829896907,8.97,712.07,91.32,7.39,517.67
2015-06-20 00:04:00,15.22,8.69,0.057562408839779,0.036357121546961,8.87,704.39,90.34,7.32,518.99
2015-06-21 00:05:00,15.41,8.89,0.05798037368421,0.036498094736842,8.97,708.78,91.77,7.30,518.03
2015-06-22 00:04:00,15.91,8.82,0.058972031088083,0.036787948186528,9.23,714.78,96.06,7.34,513.71
2015-06-23 00:04:00,15.95,8.90,0.059081515789474,0.036823015789474,9.14,705.96,95.26,7.27,512.68
2015-06-24 00:04:00,15.98,8.88,0.059082141361257,0.036808518324607,9.08,702.59,94.61,7.26,512.90
2015-06-25 00:05:00,15.90,8.84,0.058957452631579,0.036799068421053,9.11,707.09,94.63,7.25,516.59
2015-06-26 00:04:00,16.56,8.84,0.060135074468085,0.037082718085106,9.54,716.22,101.84,7.44,468.94
2015-06-27 00:05:00,17.62,7.60,0.061330850828729,0.037103972375691,10.29,749.95,112.44,7.57,333.08
2015-06-28 00:14:00,16.77,8.91,0.060717445714286,0.03728236,9.79,731.81,104.91,7.54,474.37
2015-06-29 00:14:00,16.45,9.20,0.060267101265823,0.037199594936709,9.60,724.34,102.08,7.48,483.22
2015-06-30 00:03:00,17.47,8.59,0.061653983783784,0.037417091891892,10.23,745.50,111.73,7.56,490.69
2015-07-01 00:14:00,18.73,8.67,0.063787802197802,0.037876851648352,10.79,753.09,121.56,7.58,490.28
2015-07-02 00:14:00,19.57,7.40,0.065199117283951,0.038257740740741,11.41,790.32,129.38,7.63,498.96
2015-07-03 00:14:00,18.24,8.56,0.062679135869565,0.03757502173913,10.47,746.02,116.27,7.58,510.49
2015-07-04 00:14:00,18.61,8.72,0.063612370786517,0.037836516853933,10.27,713.54,116.16,7.50,504.30
2015-07-05 00:00:00,18.85,8.55,0.064201461956522,0.038025048913043,10.39,717.84,117.84,7.44,506.29
2015-07-06 00:14:00,19.22,8.42,0.064798120218579,0.038151273224044,10.58,723.40,121.09,7.47,508.19
2015-07-07 00:14:00,19.86,8.60,0.06603912972973,0.038419518918919,10.98,731.70,127.68,7.47,512.13
2015-07-08 00:14:00,19.53,8.68,0.065606676136364,0.038373545454545,10.46,702.72,121.00,7.41,506.65
2015-07-09 00:00:00,19.29,8.55,0.065126154696132,0.038278900552486,10.27,701.94,117.48,7.33,516.52
2015-07-10 00:14:00,19.55,8.68,0.065698994594595,0.038415178378378,10.50,707.23,121.39,7.41,521.20
2015-07-11 00:14:00,19.51,8.51,0.06574989010989,0.038475428571429,10.34,697.45,119.27,7.37,522.15
2015-07-12 20:29:00,24.12,3.89,0.073613466666667,0.040421066666667,14.35,920.00,171.31,7.74,520.21
2015-07-13 00:14:00,19.61,8.43,0.0658804,0.038496216666667,10.41,701.73,120.25,7.39,524.62
2015-07-14 00:00:00,19.08,8.75,0.064952237762238,0.038277608391608,9.94,677.37,113.96,7.34,524.78
2015-07-15 00:12:00,19.60,8.21,0.065950901098901,0.038549994505495,10.39,702.84,119.66,7.38,522.73
2015-07-16 00:12:00,19.93,8.23,0.066656608938548,0.038721664804469,10.72,712.87,124.97,7.43,519.41
2015-07-17 00:11:00,19.77,8.29,0.066363563535912,0.038649060773481,10.38,693.73,120.60,7.42,520.90
2015-07-18 00:11:00,19.17,8.68,0.065330566878981,0.03839623566879,9.80,660.34,113.21,7.55,505.87
2015-07-19 00:12:00,19.85,8.22,0.066613284090909,0.0387404375,10.50,699.99,122.14,7.64,508.43
2015-07-20 00:10:00,19.66,8.17,0.066366737704918,0.038706655737705,10.27,686.43,119.31,7.57,507.40
2015-07-21 00:14:00,19.49,8.33,0.066080413407821,0.038637748603352,10.08,673.97,117.04,7.57,505.60
2015-07-22 00:01:00,19.59,8.05,0.065591005263158,0.038349810526316,8.79,663.67,101.34,7.37,505.04
2015-07-23 00:14:00,20.01,8.21,0.065958431693989,0.038361442622951,6.31,690.92,73.74,7.34,498.13
2015-07-24 00:00:00,20.25,8.11,0.066693695187166,0.038585609625668,6.42,695.43,75.47,7.35,501.69
2015-07-25 00:00:00,19.66,8.27,0.065523111111111,0.038299494444444,5.97,658.13,69.30,7.24,514.07
2015-07-26 00:14:00,19.82,8.06,0.065731751351351,0.038356643243243,6.08,671.86,70.48,7.27,507.46
2015-07-27 00:14:00,20.06,8.16,0.06619792,0.038468137142857,6.22,681.52,72.52,7.29,507.54
2015-07-28 00:00:00,19.90,8.20,0.065960366120219,0.03841112568306,6.08,665.60,71.05,7.28,501.79
2015-07-29 00:00:00,21.45,5.96,0.068614140684411,0.039061178707224,7.07,757.16,83.74,7.55,497.15
2015-07-30 00:14:00,23.11,4.18,0.073201575757576,0.040241606060606,8.59,909.28,102.56,7.77,490.54
2015-07-31 07:17:00,21.90,3.81,0.07074687012987,0.039664012987013,7.44,816.34,86.75,7.43,508.29
2015-08-01 00:13:00,22.36,3.80,0.069962392857143,0.039538946428571,7.25,808.55,83.67,7.42,505.89
2015-08-02 21:18:00,23.01,3.81,0.071447,0.039856,8.31,904.10,97.54,7.64,499.88
2015-08-03 00:03:00,19.35,7.89,0.06505571686747,0.038286831325301,5.64,635.10,64.68,7.15,512.69
2015-08-04 00:14:00,19.13,8.12,0.064663563535912,0.038199071823204,5.44,616.49,62.15,7.14,515.80
2015-08-05 00:12:00,19.42,8.26,0.065360704918033,0.038389245901639,5.71,636.89,65.79,7.25,509.71
2015-08-06 00:12:00,19.70,8.25,0.066042497175141,0.038579451977401,5.93,652.24,69.05,7.33,499.87
2015-08-07 00:12:00,19.78,8.28,0.066104017045454,0.038571142045455,5.96,654.16,69.52,7.36,500.50
2015-08-08 00:12:00,19.93,7.59,0.066239251497006,0.038624814371258,5.88,652.11,68.09,7.29,507.89
2015-08-09 00:12:00,19.04,8.40,0.064760407821229,0.038285078212291,5.29,597.75,60.56,7.12,510.38
2015-08-10 00:12:00,19.22,8.27,0.065131861878453,0.038397591160221,5.52,619.31,63.45,7.16,512.51
2015-08-11 00:12:00,18.88,8.79,0.064744509090909,0.038322327272727,5.19,582.23,59.68,7.05,528.98
2015-08-12 07:13:00,10.43,23.59,0.052949070463321,0.035923275096525,0.28,34.22,2.91,6.37,565.84
2015-08-13 00:06:00,19.32,8.67,0.06550791411043,0.038519171779141,5.59,628.73,64.25,7.23,531.79
2015-08-14 00:01:00,19.13,8.18,0.065243928176796,0.038502674033149,5.47,622.86,62.32,7.18,529.03
2015-08-15 00:12:00,18.60,8.33,0.064521229050279,0.038416251396648,4.97,572.50,56.14,7.12,531.48
2015-08-16 22:08:00,20.97,3.90,0.069213375,0.039814375,6.86,796.56,77.04,7.39,529.70
2015-08-17 00:08:00,18.17,8.35,0.064078731843575,0.038392111731844,4.65,546.06,51.84,6.99,537.14
2015-08-18 00:12:00,18.15,8.16,0.064139316666667,0.038461372222222,4.75,560.21,52.74,7.02,533.43
2015-08-19 00:12:00,17.96,8.31,0.06369932967033,0.03832267032967,4.58,542.72,50.65,6.98,532.86
2015-08-20 00:12:00,18.00,8.37,0.063717423076923,0.03831143956044,4.72,559.14,52.35,7.03,536.77
2015-08-21 00:13:00,17.87,8.38,0.063508038251366,0.038267349726776,4.57,541.62,50.56,7.00,536.61
2015-08-22 00:12:00,17.93,8.30,0.063138099447514,0.038063320441989,4.80,568.22,53.30,7.08,530.67
2015-08-23 00:13:00,18.46,8.29,0.063880192090395,0.038194203389831,5.48,643.40,61.15,7.24,523.89
2015-08-24 00:13:00,18.20,8.32,0.063649782122905,0.038205335195531,5.39,639.51,59.59,7.21,524.39
2015-08-25 00:12:00,17.89,8.20,0.063467166666667,0.038270544444444,5.16,616.96,56.81,7.16,527.40
2015-08-26 00:12:00,17.95,8.23,0.064305758426966,0.038666280898876,5.10,606.94,56.41,7.13,527.65
2015-08-27 00:12:00,18.19,8.29,0.064496461538461,0.038651296703297,5.33,628.74,59.30,7.21,522.87
2015-08-28 00:12:00,17.66,9.11,0.063976618421053,0.038626046052632,4.80,567.18,53.32,7.10,526.88
2015-08-29 16:04:00,20.71,3.96,0.06843325,0.0395604375,7.78,910.83,86.99,7.79,517.95
2015-08-30 00:04:00,18.09,8.29,0.064377557377049,0.038653464480874,4.98,587.88,55.26,7.11,530.90
2015-08-31 00:12:00,18.48,8.26,0.064693337016575,0.038617983425414,5.38,626.40,60.45,7.27,523.77
2015-09-01 00:12:00,18.31,8.36,0.064690072222222,0.038707961111111,5.31,620.74,59.32,7.26,523.14
2015-09-02 00:12:00,18.07,8.37,0.064512976744186,0.038752156976744,5.27,589.94,58.50,7.12,520.54
2015-09-03 00:06:00,20.20,4.11,0.068758291666667,0.039954916666667,10.82,867.57,119.95,7.29,509.99
2015-09-04 00:01:00,18.09,7.83,0.066381276470588,0.039720676470588,7.60,615.37,83.62,6.87,522.06
2015-09-05 00:09:00,19.53,4.92,0.06814861682243,0.039975028037383,9.69,792.64,105.80,7.06,518.31
2015-09-06 00:10:00,17.63,7.85,0.065610452941176,0.039568441176471,7.17,590.83,77.97,6.80,525.76
2015-09-07 00:10:00,17.38,7.83,0.0654746375,0.0396109625,6.90,570.46,74.78,6.74,533.80
2015-09-08 00:09:00,17.35,7.94,0.065432196531792,0.03961598265896,6.91,574.35,74.71,6.77,525.12
2015-09-09 00:10:00,17.53,7.96,0.065857322222222,0.039753466666667,7.21,595.06,78.23,6.82,532.03
2015-09-10 00:10:00,17.61,7.95,0.065948542372881,0.039758762711864,7.51,618.72,81.73,6.92,529.96
2015-09-11 00:10:00,17.59,7.95,0.066003057471264,0.03979591954023,7.58,623.89,82.55,6.93,527.85
2015-09-12 00:10:00,17.69,7.85,0.066140539772727,0.039826625,7.72,632.30,84.21,6.98,526.42
2015-09-13 00:09:00,17.76,7.94,0.066015255555555,0.039717544444444,8.10,666.77,88.18,7.09,517.87
2015-09-14 00:09:00,18.09,5.89,0.066166465517241,0.039652181034483,9.00,749.59,97.11,7.18,518.17
2015-09-15 00:14:00,17.03,8.02,0.065024046511628,0.039579581395349,7.44,625.72,79.53,6.97,528.90
2015-09-16 00:09:00,17.03,7.93,0.064786005780347,0.039465936416185,7.76,659.28,82.41,6.99,521.75
2015-09-17 00:10:00,16.80,7.96,0.064557028248587,0.039458209039548,7.86,675.52,82.67,7.01,524.74
2015-09-18 00:10:00,16.39,7.83,0.064798410714286,0.039820583333333,7.33,632.62,76.81,6.93,517.89
2015-09-19 00:10:00,16.17,8.12,0.064731045714286,0.039911674285714,7.03,610.31,73.26,6.89,512.99
2015-09-20 00:10:00,16.38,7.96,0.064902877094972,0.039911703910615,7.40,638.50,77.54,7.00,499.41
2015-09-21 00:10:00,16.49,7.93,0.064940260115607,0.039854658959538,7.74,664.64,81.41,7.07,500.97
2015-09-22 00:10:00,16.54,8.03,0.065007508379888,0.039869212290503,7.99,686.76,83.96,7.14,494.04
2015-09-23 00:10:00,16.30,8.04,0.064747913793103,0.039840752873563,7.72,667.64,80.82,7.07,509.36
2015-09-24 00:10:00,16.06,7.95,0.065054429378531,0.040141853107345,7.35,640.06,76.41,6.94,505.85
2015-09-25 00:09:00,15.75,8.16,0.064348079470199,0.039924688741722,7.01,613.38,72.59,6.90,510.70
2015-09-26 00:11:00,15.87,7.83,0.064168898809524,0.039768625,7.22,634.01,74.47,6.91,504.87
2015-09-27 00:10:00,15.71,8.03,0.063995706214689,0.039756514124294,6.99,615.83,72.02,6.88,510.90
2015-09-28 00:10:00,15.69,7.57,0.063812511627907,0.039661976744186,7.10,627.42,72.85,6.87,510.56
2015-09-29 00:10:00,15.51,7.85,0.063521579545455,0.039606903409091,6.81,603.80,69.63,6.84,504.22
2015-09-30 00:10:00,15.33,8.03,0.063269698224852,0.03956400591716,6.46,574.78,65.87,6.81,517.51
2015-10-01 00:10:00,15.59,7.94,0.063379589887641,0.039477702247191,7.29,646.64,74.60,6.93,506.28
2015-10-02 00:10:00,15.55,8.05,0.063746271084337,0.039710813253012,7.30,647.37,74.69,6.94,502.47
2015-10-03 00:09:00,15.50,7.93,0.063480212290503,0.039593832402235,7.44,662.18,75.91,6.96,498.77
2015-10-04 00:10:00,15.24,7.99,0.063485355555556,0.039721922222222,7.13,637.63,72.47,6.84,510.81
2015-10-05 00:10:00,15.29,8.30,0.0629773375,0.03942068125,7.46,667.58,75.68,7.00,495.91
2015-10-06 18:50:00,15.83,3.96,0.063024227272727,0.039142090909091,9.01,809.45,91.12,7.11,537.59
2015-10-07 00:14:00,14.96,9.48,0.063175849557522,0.039704389380531,7.09,639.05,71.54,6.91,513.62
2015-10-08 00:10:00,14.98,7.82,0.063533584699454,0.039913677595628,7.20,650.11,72.38,6.88,495.11
2015-10-09 00:12:00,15.04,7.73,0.063358302197802,0.039776714285714,7.27,656.09,73.21,6.91,495.12
2015-10-10 00:12:00,15.01,7.72,0.063464569060774,0.039860988950276,7.18,647.71,72.30,6.88,500.90
2015-10-11 00:12:00,14.96,7.87,0.063700273224044,0.040016797814208,7.10,641.59,71.43,6.82,501.20
2015-10-12 00:13:00,14.99,7.46,0.064012378531074,0.040158903954802,6.59,597.95,65.86,6.79,521.91
2015-10-13 15:27:00,15.11,3.24,0.059693371428571,0.037663742857143,8.04,733.32,80.07,7.03,487.91
2015-10-14 00:05:00,14.89,4.69,0.060214972972973,0.03806072972973,7.61,697.24,75.42,7.02,487.13
2015-10-15 00:14:00,14.00,9.21,0.06070924137931,0.038827777777778,5.75,530.76,56.50,6.87,469.70
2015-10-16 00:02:00,14.02,7.89,0.060745683333333,0.038824316666667,6.48,600.04,63.38,6.94,504.05
2015-10-17 00:09:00,13.80,7.93,0.060797505681818,0.038981494318182,6.24,580.19,60.73,6.93,497.52
2015-10-18 00:09:00,13.67,7.89,0.060643932960894,0.038948854748603,6.07,566.22,58.93,6.90,510.00
2015-10-19 00:10:00,13.53,7.85,0.06036568902439,0.038862304878049,6.08,568.39,58.82,6.93,510.26
2015-10-20 00:08:00,13.53,7.91,0.060073612359551,0.038694876404494,6.41,599.42,61.93,6.98,496.96
2015-10-21 00:08:00,13.32,7.83,0.059654480225989,0.038558197740113,6.49,610.50,62.35,7.00,503.45
2015-10-22 00:08:00,13.16,7.92,0.059679196629213,0.038658140449438,6.35,599.15,60.73,6.99,504.53
2015-10-23 00:01:00,13.08,7.94,0.059674359550562,0.038693640449438,6.46,610.59,61.69,6.98,517.23
2015-10-24 00:08:00,13.01,7.97,0.060212061452514,0.039043586592179,6.53,617.55,62.16,6.95,516.60
2015-10-25 00:08:00,12.97,7.94,0.059933944444444,0.038901355555556,6.43,609.28,61.23,6.95,527.47
2015-10-26 00:08:00,12.99,7.80,0.059081983240224,0.038390351955307,6.86,649.71,65.31,7.05,517.93
2015-10-27 00:09:00,13.17,7.95,0.058907720670391,0.038191201117318,7.33,691.32,70.03,7.18,532.94
2015-10-28 00:09:00,13.01,7.83,0.058354754189944,0.037940497206704,7.81,739.95,74.31,7.25,532.80
2015-10-29 00:09:00,12.87,7.91,0.058245273743017,0.037949709497207,7.74,734.28,73.35,7.21,535.22
2015-10-30 00:09:00,12.82,7.80,0.058571727272727,0.038170272727273,7.50,712.72,71.10,7.13,538.58
2015-10-31 00:09:00,12.76,7.59,0.05858167251462,0.038205391812866,7.52,714.66,71.07,7.06,541.63
2015-11-01 00:08:00,12.64,8.01,0.058379660714286,0.03815143452381,7.23,688.69,68.24,7.12,532.91
2015-11-02 00:08:00,12.51,7.94,0.057920545454545,0.037944380681818,7.05,673.08,66.36,7.08,537.69
2015-11-03 00:08:00,12.36,7.84,0.057592028089888,0.037826674157303,7.24,692.92,67.86,7.13,533.05
2015-11-04 00:08:00,12.29,7.84,0.0575589375,0.037844289772727,7.36,705.03,68.88,7.06,539.56
2015-11-05 00:09:00,12.26,7.75,0.057411842696629,0.037771988764045,7.35,703.85,68.70,7.15,531.72
2015-11-06 00:09:00,12.23,6.86,0.057158,0.037622864197531,7.41,709.87,69.27,7.09,529.30
2015-11-07 00:08:00,12.22,7.89,0.057439096045198,0.037800966101695,7.21,690.62,67.41,6.99,536.07
2015-11-08 00:09:00,12.19,7.89,0.057197730337079,0.03767095505618,7.14,683.76,66.67,6.99,536.38
2015-11-09 00:08:00,12.28,7.85,0.057509184357542,0.037810458100559,7.38,705.60,69.04,6.99,535.71
2015-11-10 00:08:00,12.26,7.93,0.057365483333333,0.037731511111111,7.43,710.91,69.52,6.96,542.23
2015-11-11 00:09:00,12.19,7.87,0.057155107344633,0.037644638418079,7.43,711.83,69.43,6.95,543.75
2015-11-12 00:09:00,12.09,7.96,0.057033194444445,0.037623072222222,7.14,685.02,66.59,6.93,540.93
2015-11-13 00:09:00,12.04,7.91,0.056833096590909,0.037534767045455,7.26,696.92,67.57,6.94,541.75
2015-11-14 00:08:00,11.97,7.86,0.056783909090909,0.037537397727273,7.21,692.43,66.95,6.93,542.63
2015-11-15 00:09:00,11.95,7.71,0.056513971264368,0.037383448275862,7.20,691.45,66.85,6.95,537.68
2015-11-16 00:09:00,11.88,7.92,0.056114792134831,0.03717602247191,7.14,686.95,66.26,6.95,535.09
2015-11-17 00:08:00,11.76,7.89,0.056065897727273,0.037211642045455,7.03,677.13,65.05,6.93,535.63
2015-11-18 00:09:00,11.70,7.66,0.056063606936416,0.037243485549133,7.15,688.90,66.02,6.92,535.96
2015-11-19 00:08:00,11.71,7.66,0.05615049068323,0.037287409937888,7.07,681.19,65.38,6.92,537.40
2015-11-20 00:05:00,11.70,4.60,0.055837737278107,0.037106166863905,7.65,737.55,70.65,7.10,526.19
2015-11-21 00:07:00,11.50,4.12,0.055602336812805,0.037068578983994,7.60,734.56,69.86,7.08,530.44
2015-11-22 00:00:04,11.11,3.83,0.055221529243938,0.037036349500713,7.27,705.06,66.19,7.00,531.05
2015-11-23 00:00:08,10.78,3.91,0.054744836661912,0.036906209700428,7.21,700.64,65.10,6.96,531.33
2015-11-24 00:00:07,10.51,3.95,0.054374092011413,0.036814138373752,7.21,702.59,64.73,6.97,532.83
2015-11-25 00:00:11,10.25,3.91,0.054056556348074,0.036749109843081,7.30,712.50,65.14,7.02,529.92
2015-11-26 00:00:20,10.05,3.89,0.05380102639087,0.036692942225392,7.35,718.01,65.25,6.95,532.79
2015-11-27 00:00:24,9.92,3.88,0.053859504639543,0.036799586723769,7.39,722.73,65.43,6.85,533.87
2015-11-28 00:00:23,9.77,3.92,0.053659348322626,0.036748677373305,7.44,727.80,65.62,6.83,536.11
2015-11-29 00:00:27,9.52,3.99,0.053938720399429,0.037063333095578,7.44,728.52,65.23,6.77,540.98
2015-11-30 00:00:16,9.35,4.01,0.053363181169757,0.036780320256776,7.44,729.29,65.00,6.76,541.37
2015-12-01 00:00:52,9.01,3.98,0.053396014989293,0.036987193433262,7.41,727.08,64.24,6.73,545.32
2015-12-02 00:00:46,8.82,3.97,0.05255864882227,0.036540968593862,7.45,730.87,64.26,6.80,536.32
2015-12-03 00:00:35,8.79,3.99,0.052585434379458,0.036575151212553,7.49,734.31,64.51,6.74,541.82
2015-12-04 00:00:27,8.66,7.30,0.052561169878658,0.036624838686652,7.46,732.33,64.12,6.69,546.76
2015-12-05 00:00:29,8.61,9.80,0.052323847251963,0.036491428265525,7.50,735.77,64.32,6.73,537.83
2015-12-06 00:00:29,8.52,9.46,0.052536301644031,0.036683690493209,7.47,733.46,63.98,6.69,544.15
2015-12-07 00:00:10,8.35,4.21,0.052266815977175,0.036598388730385,7.42,727.43,63.26,6.67,554.64
2015-12-08 00:00:00,8.31,4.15,0.051817904490378,0.036320795438346,7.45,730.70,63.48,6.72,545.26
2015-12-09 00:00:56,8.27,4.15,0.052476992867332,0.036786020684736,7.44,729.90,63.35,6.67,547.64
2015-12-10 00:00:50,8.14,4.13,0.052386242510699,0.036795432952924,7.39,724.72,62.73,6.64,550.53
2015-12-11 00:00:34,7.99,4.01,0.051868488587732,0.036527847360913,7.33,718.32,61.97,6.62,552.27
2015-12-12 00:00:13,7.87,3.38,0.052351243967828,0.036922932975871,7.25,709.59,61.07,6.60,552.62
2015-12-16 15:13:33,7.79,2.91,0.051503711500975,0.036390884990253,7.36,721.00,61.95,6.67,546.72
2015-12-17 00:00:57,7.70,2.87,0.052050598430813,0.036814652639087,7.32,716.06,61.42,6.63,553.23
2015-12-18 00:00:41,7.64,2.87,0.051132055819478,0.036220036817102,7.31,715.57,61.30,6.65,542.20
2015-12-20 01:08:25,7.52,2.72,0.050449,0.0358175,7.31,714.64,61071.00,6.47,516145.00
2015-12-28 14:06:52,6.88,4.42,0.04925794491018,0.035267676646707,9.14,709.66,75.19,6.68,516.66
2015-12-29 00:00:05,6.87,4.20,0.049551126158232,0.035540893799002,10.45,711.77,85.92,6.72,526.01
2015-12-30 00:00:48,6.82,4.23,0.04961942938659,0.035617879457917,10.51,715.83,86.33,6.74,536.64
2015-12-31 00:00:25,6.80,4.15,0.049698040656205,0.035681998573466,10.58,720.36,86.86,6.76,537.05
